{"response":{"error":false,"errorMsg":null,"data":{"html":"<div class=\"detail\">\n    <table class=\"list\" cellpadding=\"1\" cellspacing=\"1\">\n        <thead>\n        <tr>\n            <td class=\"checkbox edit\"></td>            <td class=\"village sortable\"\n                onclick=\"Travian.Game.RaidList.sort(6, 'village');\">Village</td>\n            <td class=\"ew sortable\"\n                onclick=\"Travian.Game.RaidList.sort(6, 'ew');\">Inh.                .\n            </td>\n            <td class=\"distance sortable\"\n                onclick=\"Travian.Game.RaidList.sort(6, 'distance');\">Distance</td>\n            <td class=\"troops sortable\"\n                onclick=\"Travian.Game.RaidList.sort(6, 'troops');\">Troops</td>\n            <td class=\"lastRaid sortable\"\n                onclick=\"Travian.Game.RaidList.sort(6, 'lastRaid');\">Last raid</td>\n            <td class=\"action\"></td>\n        </tr>\n        </thead>\n        <tbody>\n        <tr class=\"slotRow\"><td class=\"checkbox\"><input id=\"slot176\" name=\"slot[176]\" type=\"checkbox\" class=\"markSlot check\" onclick=\"Travian.Game.RaidList.markSlotForRaid(6, 176, this.checked);\" /></td><td class=\"village\"><a href=\"position_details.php?x=-66&y=100\" >Farm - 272</a></td><td class=\"ew\">99</td><td class=\"distance\">103.1</td><td class=\"troops\"><div class=\"troopIcon\"><img class=\"unit u11\" title=\"Clubswinger\" alt=\"Clubswinger\" src=\"img/x.gif\" /><span class=\"troopIconAmount\">66</span></div></td><td class=\"lastRaid\"><div class=\"clear\"></div></td><td class=\"action\">\n\t\t\t\t<a class=\"arrow\" href=\"#\" onclick=\"Travian.Game.RaidList.editSlot(6, 176); return false;\">Edit</a>\n\t\t\t</td></tr>        </tbody>\n    </table>\n            <div class=\"markAll\">\n            <input type=\"checkbox\" id=\"raidListMarkAll6\"\n                   class=\"markAll check\"\n                   onclick=\"Travian.Game.RaidList.markAllSlotsOfAListForRaid(6, this.checked);\"/>\n            <label\n                    for=\"raidListMarkAll6\">Check all</label>\n        </div>\n        <div class=\"addSlot\">\n        <button type=\"button\" class=\"green \" onclick=\"Travian.Game.RaidList.addSlot(6,'','','rallyPoint');\" id=\"button2QM9hRL04fUo0\"><div class=\"button-container addHoverClick\">\n\t\t<div class=\"button-background\">\n\t\t\t<div class=\"buttonStart\">\n\t\t\t\t<div class=\"buttonEnd\">\n\t\t\t\t\t<div class=\"buttonMiddle\"></div>\n\t\t\t\t</div>\n\t\t\t</div>\n\t\t</div>\n\t\t<div class=\"button-content\">Add</div></button>\n    <script type=\"text/javascript\" id=\"button2QM9hRL04fUo0_script\">\n    window.addEvent('domready', function()\n        {\n        if($('button2QM9hRL04fUo0'))\n        {\n          $('button2QM9hRL04fUo0').addEvent('click', function ()\n          {\n            window.fireEvent('buttonClicked', [this, {\"onclick\":\"Travian.Game.RaidList.addSlot(6,'','','rallyPoint');\",\"id\":\"button2QM9hRL04fUo0\"}]);\n          });\n        }\n        });\n    </script><button type=\"button\" class=\"green \" onclick=\"editFarmList(6);\" id=\"buttonvIkROOWleyDas\"><div class=\"button-container addHoverClick\">\n\t\t<div class=\"button-background\">\n\t\t\t<div class=\"buttonStart\">\n\t\t\t\t<div class=\"buttonEnd\">\n\t\t\t\t\t<div class=\"buttonMiddle\"></div>\n\t\t\t\t</div>\n\t\t\t</div>\n\t\t</div>\n\t\t<div class=\"button-content\">Edit all slots</div></button>\n    <script type=\"text/javascript\" id=\"buttonvIkROOWleyDas_script\">\n    window.addEvent('domready', function()\n        {\n        if($('buttonvIkROOWleyDas'))\n        {\n          $('buttonvIkROOWleyDas').addEvent('click', function ()\n          {\n            window.fireEvent('buttonClicked', [this, {\"onclick\":\"editFarmList(6);\",\"id\":\"buttonvIkROOWleyDas\"}]);\n          });\n        }\n        });\n    </script>        <span\n                class=\"raidListSlotCount\">‎&#x202d;&#x202d;&#x202d;1            &#x202c;&#x202c;/&#x202d;&#x202d;100&#x202c;&#x202c;&#x202c;‎</span>\n    </div>\n</div>\n<div class=\"clear\"></div>\n<div class=\"troopSelection\">\n    <span class=\"troopSelectionUnit\"><img class=\"unit u11\" title=\"Clubswinger\" alt=\"Clubswinger\" src=\"img/x.gif\" /><span class=\"troopSelectionValue\">0</span></span><span class=\"troopSelectionUnit\"><img class=\"unit u12\" title=\"Spearman\" alt=\"Spearman\" src=\"img/x.gif\" /><span class=\"troopSelectionValue\">0</span></span><span class=\"troopSelectionUnit\"><img class=\"unit u13\" title=\"Axeman\" alt=\"Axeman\" src=\"img/x.gif\" /><span class=\"troopSelectionValue\">0</span></span><span class=\"troopSelectionUnit\"><img class=\"unit u14\" title=\"Scout\" alt=\"Scout\" src=\"img/x.gif\" /><span class=\"troopSelectionValue\">0</span></span><span class=\"troopSelectionUnit\"><img class=\"unit u15\" title=\"Paladin\" alt=\"Paladin\" src=\"img/x.gif\" /><span class=\"troopSelectionValue\">0</span></span><span class=\"troopSelectionUnit\"><img class=\"unit u16\" title=\"Teutonic Knight\" alt=\"Teutonic Knight\" src=\"img/x.gif\" /><span class=\"troopSelectionValue\">0</span></span><span class=\"troopSelectionUnit\"><img class=\"unit u17\" title=\"Ram\" alt=\"Ram\" src=\"img/x.gif\" /><span class=\"troopSelectionValue\">0</span></span><span class=\"troopSelectionUnit\"><img class=\"unit u18\" title=\"Catapult\" alt=\"Catapult\" src=\"img/x.gif\" /><span class=\"troopSelectionValue\">0</span></span><span class=\"troopSelectionUnit\"><img class=\"unit u19\" title=\"Chief\" alt=\"Chief\" src=\"img/x.gif\" /><span class=\"troopSelectionValue\">0</span></span><span class=\"troopSelectionUnit\"><img class=\"unit u20\" title=\"Settler\" alt=\"Settler\" src=\"img/x.gif\" /><span class=\"troopSelectionValue\">0</span></span>    <div class=\"clear\"></div>\n</div>\n<button type=\"submit\" class=\"green \" onclick=\"return f3321bf4b28aad28366b5d58a9e532b849088a512(event);\" id=\"buttonZqt0jhGShgMJK\"><div class=\"button-container addHoverClick\">\n\t\t<div class=\"button-background\">\n\t\t\t<div class=\"buttonStart\">\n\t\t\t\t<div class=\"buttonEnd\">\n\t\t\t\t\t<div class=\"buttonMiddle\"></div>\n\t\t\t\t</div>\n\t\t\t</div>\n\t\t</div>\n\t\t<div class=\"button-content\">Start raid</div></button>\n    <script type=\"text/javascript\" id=\"buttonZqt0jhGShgMJK_script\">\n    window.addEvent('domready', function()\n        {\n        if($('buttonZqt0jhGShgMJK'))\n        {\n          $('buttonZqt0jhGShgMJK').addEvent('click', function ()\n          {\n            window.fireEvent('buttonClicked', [this, {\"onclick\":\"return f3321bf4b28aad28366b5d58a9e532b849088a512(event);\",\"id\":\"buttonZqt0jhGShgMJK\"}]);\n          });\n        }\n        });\n    </script><br/>\n<br/>","list":{"troops":{"1":0,"2":0,"3":0,"4":0,"5":0,"6":0,"7":0,"8":0,"9":0,"10":0,"11":1},"directions":{"village":"none","ew":"none","distance":"asc","troops":"none","lastRaid":"none"},"slots":{"176":{"troops":{"1":66,"2":0,"3":0,"4":0,"5":0,"6":0,"7":0,"8":0,"9":0,"10":0}}}},"sort":"distance","direction":"asc"}}}